Game,Date,Date,Date,Team A,Team A,Team A,Team B,Team B,Team B,
Number,Year,Month,Day,ID,Goals,Win,ID,Goals,Win,Ended In?
1,2015,10,7,28,5,1,5,1,0,0
2,2015,10,7,20,3,1,7,2,0,0
3,2015,10,7,24,5,1,14,1,0,0
4,2015,10,7,16,3,1,27,1,0,0
5,2015,10,8,30,6,1,3,2,0,0
6,2015,10,8,21,3,1,4,1,0,0
7,2015,10,8,15,5,1,8,4,0,0
8,2015,10,8,23,0,0,10,3,1,0
9,2015,10,8,6,1,0,17,2,1,0
10,2015,10,8,12,1,0,25,3,1,0
11,2015,10,8,22,2,0,26,3,1,1
12,2015,10,9,20,4,1,9,2,0,0
13,2015,10,9,27,0,0,11,4,1,0
14,2015,10,9,2,4,1,14,1,0,0
15,2015,10,9,30,3,1,18,1,0,0
16,2015,10,9,7,3,1,19,2,0,1
17,2015,10,10,23,1,0,2,2,1,0
18,2015,10,10,16,4,1,3,2,0,0
19,2015,10,10,26,4,1,4,1,0,0
20,2015,10,10,11,4,1,6,3,0,0
21,2015,10,10,19,1,0,7,4,1,0
22,2015,10,10,10,3,0,8,6,1,0
23,2015,10,10,22,1,0,13,7,1,0
24,2015,10,10,25,2,0,15,3,1,0
25,2015,10,10,12,0,0,17,2,1,0
26,2015,10,10,9,2,0,20,5,1,0
27,2015,10,10,1,0,0,24,2,1,0
28,2015,10,10,21,5,1,27,4,0,2
29,2015,10,10,5,3,1,28,2,0,1
30,2015,10,10,18,3,0,29,5,1,0
31,2015,10,11,16,3,1,21,1,0,0
32,2015,10,12,28,2,1,1,1,0,2
33,2015,10,12,26,6,1,3,3,0,0
34,2015,10,12,9,2,0,4,4,1,0
35,2015,10,12,30,2,0,19,4,1,0
36,2015,10,12,13,0,0,22,1,1,0
37,2015,10,13,13,4,1,6,1,0,0
38,2015,10,13,25,4,1,5,3,0,0
39,2015,10,13,12,2,0,10,4,1,0
40,2015,10,13,26,1,0,11,3,1,0
41,2015,10,13,28,3,1,14,0,0,0
42,2015,10,13,17,3,1,18,1,0,0
43,2015,10,13,30,4,1,20,1,0,0
44,2015,10,13,16,3,1,23,2,0,0
45,2015,10,13,24,5,1,29,0,0,0
46,2015,10,14,2,4,1,1,0,0,0
47,2015,10,14,21,7,1,9,3,0,0
48,2015,10,14,3,6,1,8,2,0,0
49,2015,10,14,7,0,0,22,3,1,0
50,2015,10,15,15,4,1,2,3,0,0
51,2015,10,15,25,4,1,12,2,0,0
52,2015,10,15,4,2,0,13,3,1,0
53,2015,10,15,20,0,0,16,3,1,0
54,2015,10,15,17,3,0,19,4,1,0
55,2015,10,15,21,0,0,23,2,1,0
56,2015,10,15,10,5,1,26,3,0,0
57,2015,10,15,7,1,0,29,4,1,0
58,2015,10,16,8,3,1,1,0,0,0
59,2015,10,16,27,6,1,9,3,0,0
60,2015,10,16,6,5,1,11,3,0,0
61,2015,10,16,15,1,0,14,2,1,1
62,2015,10,16,24,2,1,18,1,0,2
63,2015,10,16,25,4,1,28,3,0,0
64,2015,10,16,5,1,0,30,3,1,0
65,2015,10,17,3,5,1,2,3,0,0
66,2015,10,17,12,5,1,5,2,0,0
67,2015,10,17,9,1,0,7,4,1,0
68,2015,10,17,10,4,1,13,2,0,0
69,2015,10,17,11,1,0,16,4,1,0
70,2015,10,17,24,3,0,19,6,1,0
71,2015,10,17,17,4,1,21,3,0,2
72,2015,10,17,27,1,0,23,2,1,0
73,2015,10,17,4,1,0,26,2,1,0
74,2015,10,17,6,1,0,29,4,1,0
75,2015,10,18,15,1,0,1,4,1,0
76,2015,10,18,8,1,0,14,2,1,0
77,2015,10,18,18,2,1,20,1,0,1
78,2015,10,18,12,2,1,28,1,0,1
79,2015,10,18,25,4,1,30,2,0,0
80,2015,10,19,24,0,0,20,4,1,0
81,2015,10,20,19,4,1,9,0,0,0
82,2015,10,20,29,6,1,5,2,0,0
83,2015,10,20,25,0,0,16,3,1,0
84,2015,10,20,2,2,0,18,3,1,1
85,2015,10,20,26,4,0,17,5,1,2
86,2015,10,20,10,2,1,22,1,0,0
87,2015,10,20,13,2,0,23,3,1,1
88,2015,10,21,22,5,1,3,4,0,1
89,2015,10,21,27,1,0,4,2,1,2
90,2015,10,21,6,1,1,8,0,0,1
91,2015,10,21,11,1,0,12,3,1,0
92,2015,10,22,13,2,0,7,3,1,0
93,2015,10,22,9,2,0,15,3,1,0
94,2015,10,22,1,1,0,17,5,1,0
95,2015,10,22,2,1,0,20,4,1,0
96,2015,10,22,18,5,1,21,4,0,2
97,2015,10,22,10,4,1,23,1,0,0
98,2015,10,22,14,4,1,24,1,0,0
99,2015,10,22,29,3,1,28,2,0,0
100,2015,10,23,16,7,1,4,2,0,0
101,2015,10,23,11,2,0,5,3,1,1
102,2015,10,23,29,7,1,12,4,0,0
103,2015,10,23,6,0,0,14,3,1,0
104,2015,10,23,3,5,1,19,3,0,0
105,2015,10,23,26,4,1,30,3,0,1
106,2015,10,24,18,4,1,4,3,0,0
107,2015,10,24,26,0,0,7,1,1,1
108,2015,10,24,9,4,1,8,3,0,0
109,2015,10,24,13,6,1,10,2,0,0
110,2015,10,24,1,0,0,15,3,1,0
111,2015,10,24,27,3,0,16,5,1,0
112,2015,10,24,23,2,1,17,1,0,1
113,2015,10,24,2,4,1,21,1,0,0
114,2015,10,24,20,2,0,22,3,1,2
115,2015,10,24,6,2,0,24,5,1,0
116,2015,10,24,19,3,1,25,2,0,1
117,2015,10,24,11,3,1,28,2,0,1
118,2015,10,25,14,3,1,12,2,0,0
119,2015,10,25,5,1,0,20,4,1,0
120,2015,10,25,15,4,0,30,5,1,0
121,2015,10,26,1,0,0,7,1,1,1
122,2015,10,26,5,0,0,19,4,1,0
123,2015,10,26,2,4,1,27,3,0,0
124,2015,10,27,2,0,0,3,6,1,0
125,2015,10,27,1,3,0,10,4,1,0
126,2015,10,27,6,3,1,11,1,0,0
127,2015,10,27,8,1,0,13,4,1,0
128,2015,10,27,12,3,0,15,4,1,0
129,2015,10,27,9,3,1,18,1,0,0
130,2015,10,27,4,4,1,22,3,0,1
131,2015,10,27,26,0,0,25,2,1,0
132,2015,10,27,16,1,0,28,5,1,0
133,2015,10,27,14,4,1,30,1,0,0
134,2015,10,28,5,4,0,21,5,1,2
135,2015,10,28,17,2,1,24,1,0,0
136,2015,10,28,23,3,1,29,1,0,0
137,2015,10,29,28,3,0,10,4,1,1
138,2015,10,29,16,3,0,12,4,1,0
139,2015,10,29,6,3,1,19,2,0,1
140,2015,10,29,18,4,1,22,1,0,0
141,2015,10,29,4,3,0,23,4,1,0
142,2015,10,29,1,1,0,25,2,1,0
143,2015,10,29,8,2,1,26,1,0,0
144,2015,10,29,7,1,0,30,3,1,0
145,2015,10,30,28,4,1,2,3,0,0
146,2015,10,30,22,1,0,4,3,1,0
147,2015,10,30,8,2,0,6,3,1,0
148,2015,10,30,16,6,1,5,2,0,0
149,2015,10,30,21,3,1,11,1,0,0
150,2015,10,30,3,3,1,13,1,0,0
151,2015,10,30,7,4,0,15,5,1,0
152,2015,10,30,27,1,0,20,3,1,0
153,2015,10,30,9,1,0,29,2,1,0
154,2015,10,31,30,3,1,9,2,0,0
155,2015,10,31,24,3,0,10,5,1,0
156,2015,10,31,5,5,1,12,4,0,0
157,2015,10,31,29,2,1,13,1,0,1
158,2015,10,31,17,3,0,14,4,1,1
159,2015,10,31,19,2,0,18,3,1,2
160,2015,10,31,11,5,1,21,3,0,0
161,2015,10,31,15,2,0,25,3,1,1
162,2015,10,31,3,3,1,26,1,0,0
163,2015,10,31,23,4,1,27,0,0,0
164,2015,11,1,17,2,0,1,4,1,0
165,2015,11,1,26,4,1,6,3,0,0
166,2015,11,1,24,4,1,8,3,0,0
167,2015,11,1,30,1,0,16,5,1,0
168,2015,11,1,4,2,1,19,1,0,0
169,2015,11,2,14,2,0,7,4,1,0
170,2015,11,2,10,1,0,27,4,1,0
171,2015,11,2,22,1,0,28,4,1,0
172,2015,11,3,10,5,1,3,3,0,0
173,2015,11,3,5,3,0,8,6,1,0
174,2015,11,3,26,1,0,11,2,1,0
175,2015,11,3,22,2,0,12,4,1,0
176,2015,11,3,21,2,1,16,1,0,1
177,2015,11,3,18,1,0,19,2,1,0
178,2015,11,3,29,2,0,20,5,1,0
179,2015,11,3,9,5,1,24,2,0,0
180,2015,11,3,14,3,1,25,0,0,0
181,2015,11,4,13,2,0,1,3,1,2
182,2015,11,4,25,6,1,7,5,0,1
183,2015,11,4,30,4,1,27,2,0,0
184,2015,11,4,23,3,1,28,2,0,0
185,2015,11,5,8,2,0,2,4,1,0
186,2015,11,5,26,4,1,4,1,0,0
187,2015,11,5,22,1,0,5,2,1,1
188,2015,11,5,9,3,1,14,2,0,0
189,2015,11,5,17,3,1,15,2,0,0
190,2015,11,5,19,1,0,16,4,1,0
191,2015,11,5,30,2,0,21,3,1,2
192,2015,11,5,13,2,0,24,5,1,0
193,2015,11,5,3,1,0,29,4,1,0
194,2015,11,6,9,2,0,1,4,1,0
195,2015,11,6,10,4,1,6,1,0,0
196,2015,11,6,20,2,1,8,1,0,0
197,2015,11,6,23,2,1,12,1,0,0
198,2015,11,6,7,2,0,18,4,1,0
199,2015,11,6,11,2,1,27,1,0,1
200,2015,11,7,20,4,1,2,1,0,0
201,2015,11,7,28,2,0,4,3,1,0
202,2015,11,7,21,2,0,6,3,1,1
203,2015,11,7,23,2,0,5,5,1,0
204,2015,11,7,13,1,0,14,4,1,0
205,2015,11,7,26,0,0,15,1,1,0
206,2015,11,7,3,2,0,16,4,1,0
207,2015,11,7,25,4,1,17,0,0,0
208,2015,11,7,1,1,1,24,0,0,0
209,2015,11,7,22,3,1,30,0,0,0
210,2015,11,7,27,2,0,29,3,1,2
211,2015,11,8,12,2,0,7,4,1,0
212,2015,11,8,10,4,1,11,1,0,0
213,2015,11,8,28,3,0,18,4,1,1
214,2015,11,8,3,2,1,19,1,0,0
215,2015,11,9,2,4,1,1,3,0,1
216,2015,11,10,28,5,1,9,3,0,0
217,2015,11,10,27,3,1,10,2,0,0
218,2015,11,10,29,0,0,11,1,1,0
219,2015,11,10,5,3,0,13,4,1,0
220,2015,11,10,2,3,1,14,2,0,0
221,2015,11,10,30,3,0,15,5,1,0
222,2015,11,10,25,2,1,18,0,0,0
223,2015,11,10,21,5,0,17,7,1,0
224,2015,11,10,6,0,0,20,3,1,0
225,2015,11,10,8,4,1,22,0,0,0
226,2015,11,10,19,4,1,24,2,0,0
227,2015,11,10,4,4,1,26,1,0,0
228,2015,11,11,12,4,1,1,3,0,1
229,2015,11,11,16,3,0,23,4,1,2
230,2015,11,12,12,1,0,2,4,1,0
231,2015,11,12,8,3,1,3,2,0,0
232,2015,11,12,15,3,1,6,2,0,1
233,2015,11,12,18,3,1,7,2,0,0
234,2015,11,12,30,3,0,10,6,1,0
235,2015,11,12,4,3,1,13,2,0,0
236,2015,11,12,19,1,0,14,2,1,0
237,2015,11,12,27,2,1,17,1,0,2
238,2015,11,12,25,3,0,20,6,1,0
239,2015,11,12,28,2,0,21,3,1,0
240,2015,11,12,29,5,1,22,2,0,0
241,2015,11,12,5,1,0,26,3,1,0
242,2015,11,13,19,4,1,1,1,0,0
243,2015,11,13,24,3,1,11,2,0,0
244,2015,11,13,9,2,1,23,1,0,0
245,2015,11,13,5,3,1,29,2,0,1
246,2015,11,14,11,1,0,3,3,1,0
247,2015,11,14,24,2,1,4,1,0,1
248,2015,11,14,22,3,1,6,2,0,1
249,2015,11,14,2,2,0,9,5,1,0
250,2015,11,14,15,2,0,10,3,1,1
251,2015,11,14,12,3,0,14,4,1,0
252,2015,11,14,8,6,1,16,1,0,0
253,2015,11,14,23,0,0,18,4,1,0
254,2015,11,14,30,0,0,17,7,1,0
255,2015,11,14,20,2,1,21,1,0,2
256,2015,11,14,7,4,1,25,2,0,0
257,2015,11,14,13,5,1,26,4,0,2
258,2015,11,14,28,2,0,27,4,1,0
259,2015,11,15,5,1,0,7,4,1,0
260,2015,11,15,27,3,0,20,4,1,0
261,2015,11,16,1,4,1,6,1,0,0
262,2015,11,16,26,0,0,13,1,1,0
263,2015,11,16,28,3,0,16,4,1,1
264,2015,11,16,2,2,0,19,5,1,0
265,2015,11,16,11,4,1,21,3,0,1
266,2015,11,16,30,2,0,25,3,1,0
267,2015,11,17,24,5,1,3,4,0,0
268,2015,11,17,10,3,1,4,1,0,0
269,2015,11,17,25,1,0,9,3,1,0
270,2015,11,17,18,2,0,5,3,1,0
271,2015,11,17,1,2,0,17,3,1,0
272,2015,11,17,14,3,1,22,2,0,2
273,2015,11,17,15,3,0,23,4,1,0
274,2015,11,17,8,1,0,27,5,1,0
275,2015,11,18,29,2,1,11,1,0,1
276,2015,11,18,7,4,1,12,3,0,1
277,2015,11,18,28,1,0,30,4,1,0
278,2015,11,19,15,2,0,3,4,1,0
279,2015,11,19,1,3,1,13,1,0,0
280,2015,11,19,2,3,1,16,2,0,0
281,2015,11,19,9,0,0,21,3,1,0
282,2015,11,19,24,1,1,22,0,0,1
283,2015,11,19,8,3,0,23,4,1,0
284,2015,11,19,4,2,0,25,3,1,2
285,2015,11,19,20,1,0,26,2,1,0
286,2015,11,19,10,3,1,29,2,0,0
287,2015,11,20,27,2,1,6,1,0,2
288,2015,11,20,17,0,0,9,4,1,0
289,2015,11,20,7,1,0,5,2,1,1
290,2015,11,20,14,2,0,11,3,1,0
291,2015,11,20,18,1,0,12,5,1,0
292,2015,11,20,16,5,1,19,3,0,0
293,2015,11,21,27,0,0,3,2,1,0
294,2015,11,21,4,0,0,10,3,1,0
295,2015,11,21,20,5,1,13,4,0,1
296,2015,11,21,17,0,0,15,4,1,0
297,2015,11,21,22,0,0,21,4,1,0
298,2015,11,21,24,3,1,23,1,0,0
299,2015,11,21,11,4,1,25,3,0,1
300,2015,11,21,1,0,0,26,5,1,0
301,2015,11,21,7,3,0,28,6,1,0
302,2015,11,21,2,2,0,30,3,1,0
303,2015,11,21,8,3,0,29,7,1,0
304,2015,11,22,14,3,0,6,4,1,0
305,2015,11,22,24,5,1,9,3,0,0
306,2015,11,22,19,2,0,16,4,1,0
307,2015,11,22,18,3,1,28,2,0,0
308,2015,11,23,25,2,1,4,1,0,0
309,2015,11,23,14,3,1,13,1,0,0
310,2015,11,23,17,0,0,20,3,1,0
311,2015,11,23,6,2,0,22,3,1,1
312,2015,11,23,3,4,1,27,3,0,2
313,2015,11,23,8,4,1,30,1,0,0
314,2015,11,23,12,0,0,29,1,1,0
315,2015,11,24,5,3,0,1,5,1,0
316,2015,11,24,21,7,1,10,4,0,0
317,2015,11,25,1,2,0,2,4,1,0
318,2015,11,25,17,3,1,4,2,0,0
319,2015,11,25,12,1,0,6,4,1,0
320,2015,11,25,21,5,1,8,3,0,0
321,2015,11,25,3,3,1,11,2,0,1
322,2015,11,25,28,3,1,15,2,0,0
323,2015,11,25,9,2,1,18,1,0,0
324,2015,11,25,22,1,0,19,3,1,0
325,2015,11,25,16,5,1,20,1,0,0
326,2015,11,25,25,3,0,23,4,1,1
327,2015,11,25,7,5,1,24,2,0,0
328,2015,11,25,14,1,0,26,2,1,2
329,2015,11,25,30,3,0,29,5,1,0
330,2015,11,27,7,3,1,1,2,0,1
331,2015,11,27,5,1,0,2,2,1,1
332,2015,11,27,20,3,0,3,4,1,0
333,2015,11,27,6,1,0,4,4,1,0
334,2015,11,27,23,1,0,9,2,1,1
335,2015,11,27,28,2,0,10,3,1,2
336,2015,11,27,12,3,0,11,4,1,1
337,2015,11,27,19,2,0,13,3,1,2
338,2015,11,27,30,3,1,15,1,0,0
339,2015,11,27,16,3,1,18,2,0,2
340,2015,11,27,17,2,0,22,3,1,1
341,2015,11,27,26,2,0,29,4,1,0
342,2015,11,28,21,3,0,2,4,1,0
343,2015,11,28,30,3,0,8,5,1,0
344,2015,11,28,7,2,0,14,3,1,1
345,2015,11,28,10,4,1,15,3,0,1
346,2015,11,28,18,3,1,16,2,0,1
347,2015,11,28,4,4,1,17,1,0,0
348,2015,11,28,22,3,1,20,0,0,0
349,2015,11,28,12,3,1,23,2,0,2
350,2015,11,28,5,2,0,24,5,1,0
351,2015,11,28,9,1,0,25,3,1,0
352,2015,11,28,19,3,1,26,2,0,0
353,2015,11,28,29,4,1,27,2,0,0
354,2015,11,29,13,2,1,11,1,0,1
355,2015,11,30,28,0,0,1,4,1,0
356,2015,11,30,8,3,0,19,5,1,0
357,2015,11,30,6,3,0,20,4,1,0
358,2015,11,30,12,0,0,27,3,1,0
359,2015,12,1,10,3,0,5,4,1,2
360,2015,12,1,15,2,1,7,1,0,0
361,2015,12,1,4,4,0,11,5,1,2
362,2015,12,1,28,1,0,14,2,1,1
363,2015,12,1,9,1,0,16,2,1,0
364,2015,12,1,8,2,1,18,1,0,0
365,2015,12,1,2,2,0,17,5,1,0
366,2015,12,1,22,4,1,21,2,0,0
367,2015,12,1,23,5,1,24,1,0,0
368,2015,12,1,13,3,1,25,1,0,0
369,2015,12,2,26,2,1,1,1,0,0
370,2015,12,2,3,2,0,12,3,1,2
371,2015,12,2,20,1,0,19,2,1,2
372,2015,12,2,27,1,0,30,6,1,0
373,2015,12,3,18,5,1,6,1,0,0
374,2015,12,3,2,1,0,11,5,1,0
375,2015,12,3,27,0,0,15,1,1,0
376,2015,12,3,29,3,1,16,2,0,0
377,2015,12,3,13,2,1,17,1,0,0
378,2015,12,3,8,2,1,20,1,0,0
379,2015,12,3,7,3,0,21,4,1,1
380,2015,12,3,10,4,1,28,2,0,0
381,2015,12,4,24,0,0,1,1,1,0
382,2015,12,4,2,2,0,4,5,1,0
383,2015,12,4,13,2,1,9,1,0,2
384,2015,12,4,3,4,0,5,5,1,1
385,2015,12,4,10,1,0,12,2,1,1
386,2015,12,4,22,4,1,18,3,0,1
387,2015,12,4,25,1,0,19,2,1,2
388,2015,12,5,16,2,0,6,3,1,0
389,2015,12,5,17,4,0,11,5,1,1
390,2015,12,5,23,3,0,14,5,1,0
391,2015,12,5,8,0,0,15,3,1,0
392,2015,12,5,19,2,0,21,3,1,1
393,2015,12,5,9,4,1,22,1,0,0
394,2015,12,5,26,4,1,24,3,0,0
395,2015,12,5,27,4,1,25,1,0,0
396,2015,12,5,3,4,1,28,0,0,0
397,2015,12,5,29,1,0,30,2,1,1
398,2015,12,6,23,1,0,1,2,1,0
399,2015,12,6,2,4,0,6,5,1,0
400,2015,12,6,30,1,0,7,3,1,0
401,2015,12,6,4,2,0,12,4,1,0
402,2015,12,6,26,1,0,14,3,1,0
403,2015,12,6,13,2,0,18,4,1,0
404,2015,12,6,21,1,0,20,4,1,0
405,2015,12,7,17,3,1,3,2,0,0
406,2015,12,7,15,1,0,8,2,1,1
407,2015,12,7,4,2,0,28,5,1,0
408,2015,12,8,14,3,1,9,2,0,1
409,2015,12,8,24,2,0,5,4,1,0
410,2015,12,8,17,1,0,7,4,1,0
411,2015,12,8,6,5,0,10,6,1,0
412,2015,12,8,21,4,1,13,2,0,0
413,2015,12,8,19,4,1,22,3,0,2
414,2015,12,8,2,1,0,25,4,1,0
415,2015,12,8,18,2,0,27,3,1,2
416,2015,12,8,11,2,0,29,3,1,2
417,2015,12,9,23,4,1,8,2,0,0
418,2015,12,9,24,3,0,12,4,1,1
419,2015,12,9,3,3,1,16,1,0,0
420,2015,12,9,20,1,0,28,2,1,0
421,2015,12,10,4,3,0,5,4,1,0
422,2015,12,10,16,2,0,11,3,1,0
423,2015,12,10,29,1,0,13,4,1,0
424,2015,12,10,7,1,0,17,5,1,0
425,2015,12,10,22,4,1,25,2,0,0
426,2015,12,10,21,1,0,26,4,1,0
427,2015,12,10,9,4,0,30,6,1,0
428,2015,12,11,6,5,1,1,1,0,0
429,2015,12,11,15,1,0,2,2,1,1
430,2015,12,11,30,0,0,7,2,1,0
431,2015,12,11,22,1,0,10,3,1,0
432,2015,12,11,20,5,0,12,7,1,0
433,2015,12,11,11,2,0,18,3,1,1
434,2015,12,11,14,3,1,23,2,0,2
435,2015,12,12,6,5,1,2,4,0,1
436,2015,12,12,13,1,0,3,3,1,0
437,2015,12,12,14,1,0,4,2,1,1
438,2015,12,12,19,3,1,9,2,0,1
439,2015,12,12,20,4,0,5,5,1,1
440,2015,12,12,21,1,0,16,3,1,0
441,2015,12,12,8,3,1,17,2,0,0
442,2015,12,12,15,2,1,24,0,0,0
443,2015,12,12,10,0,0,25,3,1,0
444,2015,12,12,29,2,1,26,1,0,0
445,2015,12,13,28,0,0,7,4,1,0
446,2015,12,13,18,0,0,19,4,1,0
447,2015,12,13,8,3,1,25,1,0,0
448,2015,12,14,12,3,1,3,2,0,1
449,2015,12,14,26,2,1,9,1,0,0
450,2015,12,14,4,2,1,11,1,0,0
451,2015,12,14,14,3,0,21,5,1,0
452,2015,12,14,29,4,1,23,1,0,0
453,2015,12,15,18,2,1,4,0,0,0
454,2015,12,15,8,3,1,7,0,0,0
455,2015,12,15,9,1,0,10,5,1,0
456,2015,12,15,28,2,0,15,6,1,0
457,2015,12,15,24,3,1,16,1,0,0
458,2015,12,15,5,2,1,17,1,0,1
459,2015,12,15,13,5,1,19,1,0,0
460,2015,12,15,12,2,0,20,4,1,0
461,2015,12,15,6,3,0,22,4,1,1
462,2015,12,15,26,5,1,27,4,0,1
463,2015,12,15,25,4,1,30,3,0,0
464,2015,12,16,23,0,0,3,3,1,0
465,2015,12,16,21,1,0,29,2,1,0
466,2015,12,17,9,7,1,2,5,0,0
467,2015,12,17,1,0,0,4,3,1,0
468,2015,12,17,12,0,0,7,4,1,0
469,2015,12,17,19,1,0,8,2,1,0
470,2015,12,17,5,3,1,10,1,0,0
471,2015,12,17,20,2,0,15,5,1,0
472,2015,12,17,14,3,1,16,0,0,0
473,2015,12,17,13,5,1,18,1,0,0
474,2015,12,17,28,0,0,22,2,1,0
475,2015,12,17,17,1,0,25,2,1,0
476,2015,12,17,24,5,1,27,4,0,1
477,2015,12,18,13,2,1,6,0,0,0
478,2015,12,18,28,4,1,11,3,0,2
479,2015,12,18,24,2,0,21,4,1,0
480,2015,12,18,3,6,1,23,2,0,0
481,2015,12,18,20,2,0,30,5,1,0
482,2015,12,18,26,3,0,29,5,1,0
483,2015,12,19,19,0,0,2,1,1,0
484,2015,12,19,7,3,1,4,2,0,2
485,2015,12,19,22,2,0,9,3,1,2
486,2015,12,19,12,1,0,8,5,1,0
487,2015,12,19,16,2,0,10,6,1,0
488,2015,12,19,1,2,1,18,1,0,0
489,2015,12,19,15,2,0,17,3,1,0
490,2015,12,19,6,2,1,23,1,0,0
491,2015,12,19,5,2,0,25,3,1,0
492,2015,12,19,14,0,0,27,5,1,0
493,2015,12,20,18,1,0,3,2,1,2
494,2015,12,20,24,3,0,7,4,1,1
495,2015,12,20,5,2,0,11,4,1,0
496,2015,12,20,28,4,0,13,5,1,2
497,2015,12,20,29,7,1,20,3,0,0
498,2015,12,20,21,2,0,26,5,1,0
499,2015,12,21,29,2,1,6,1,0,0
500,2015,12,21,27,7,1,8,4,0,0
501,2015,12,21,30,1,0,12,3,1,0
502,2015,12,21,10,6,1,15,3,0,0
503,2015,12,21,16,1,0,17,5,1,0
504,2015,12,21,1,2,0,19,5,1,0
505,2015,12,21,25,3,0,22,4,1,0
506,2015,12,21,9,2,0,23,5,1,0
507,2015,12,22,27,2,0,2,3,1,0
508,2015,12,22,25,2,1,3,0,0,0
509,2015,12,22,30,1,0,5,4,1,0
510,2015,12,22,7,0,0,10,4,1,0
511,2015,12,22,18,4,1,11,3,0,0
512,2015,12,22,21,1,0,13,2,1,2
513,2015,12,22,24,5,1,14,3,0,0
514,2015,12,22,16,1,0,15,2,1,0
515,2015,12,22,1,2,0,20,3,1,1
516,2015,12,22,28,2,1,26,1,0,0
517,2015,12,26,14,4,1,2,3,0,1
518,2015,12,26,4,6,1,3,3,0,0
519,2015,12,26,18,1,0,6,3,1,0
520,2015,12,26,23,3,1,15,1,0,0
521,2015,12,26,11,3,1,17,2,0,0
522,2015,12,26,10,2,0,25,3,1,2
523,2015,12,26,9,2,0,26,5,1,0
524,2015,12,26,12,1,0,28,2,1,1
525,2015,12,26,16,1,0,29,3,1,0
526,2015,12,27,22,2,0,1,4,1,0
527,2015,12,27,12,3,0,5,5,1,0
528,2015,12,27,6,2,1,7,1,0,0
529,2015,12,27,2,2,1,8,1,0,1
530,2015,12,27,25,0,0,10,3,1,0
531,2015,12,27,9,2,0,13,3,1,0
532,2015,12,27,27,3,1,19,1,0,0
533,2015,12,27,3,1,0,21,3,1,0
534,2015,12,27,23,0,0,30,1,1,0
535,2015,12,28,29,2,1,4,0,0,0
536,2015,12,28,11,1,0,15,3,1,0
537,2015,12,28,20,3,0,17,5,1,0
538,2015,12,28,8,6,1,24,3,0,0
539,2015,12,28,16,4,1,26,3,0,2
540,2015,12,28,14,5,1,28,0,0,0
541,2015,12,29,7,7,1,2,5,0,0
542,2015,12,29,21,3,0,3,7,1,0
543,2015,12,29,10,3,0,9,6,1,0
544,2015,12,29,1,1,1,5,0,0,0
545,2015,12,29,14,5,1,12,2,0,0
546,2015,12,29,16,1,0,13,3,1,0
547,2015,12,29,6,2,0,18,3,1,0
548,2015,12,29,17,3,0,25,4,1,1
549,2015,12,29,19,6,1,27,3,0,0
550,2015,12,29,11,1,0,30,4,1,0
551,2015,12,30,18,3,1,21,0,0,0
552,2015,12,30,27,3,1,23,2,0,2
553,2015,12,30,22,2,0,24,4,1,0
554,2015,12,30,20,5,1,26,2,0,0
555,2015,12,30,4,2,0,29,5,1,0
556,2015,12,31,30,2,0,2,4,1,0
557,2015,12,31,19,2,1,4,1,0,0
558,2015,12,31,29,2,0,6,4,1,0
559,2015,12,31,14,4,1,5,1,0,0
560,2015,12,31,7,4,1,8,3,0,1
561,2015,12,31,17,1,0,10,5,1,0
562,2015,12,31,23,5,1,11,2,0,0
563,2015,12,31,1,1,1,12,0,0,0
564,2015,12,31,15,3,1,25,1,0,0
565,2016,1,1,16,5,1,3,1,0,0
566,2016,1,1,1,1,0,28,2,1,2
567,2016,1,2,11,4,1,4,3,0,0
568,2016,1,2,17,2,1,6,1,0,1
569,2016,1,2,29,4,0,9,5,1,2
570,2016,1,2,5,4,1,8,0,0,0
571,2016,1,2,2,3,0,12,4,1,2
572,2016,1,2,20,0,0,13,3,1,0
573,2016,1,2,22,1,0,14,2,1,0
574,2016,1,2,10,2,0,18,3,1,1
575,2016,1,2,19,2,0,23,5,1,0
576,2016,1,2,30,4,1,24,1,0,0
577,2016,1,2,15,2,0,26,3,1,2
578,2016,1,2,25,1,0,27,4,1,0
579,2016,1,3,30,1,0,1,4,1,0
580,2016,1,3,21,0,0,7,3,1,0
581,2016,1,3,15,1,0,13,2,1,0
582,2016,1,3,10,5,0,19,6,1,0
583,2016,1,4,14,1,0,8,4,1,0
584,2016,1,4,6,0,0,12,1,1,1
585,2016,1,4,11,1,1,18,0,0,0
586,2016,1,4,21,3,1,25,2,0,1
587,2016,1,4,2,3,1,28,2,0,0
588,2016,1,5,29,3,1,3,2,0,0
589,2016,1,5,13,5,1,4,1,0,0
590,2016,1,5,15,4,1,9,2,0,0
591,2016,1,5,26,1,0,5,3,1,0
592,2016,1,5,30,4,1,17,1,0,0
593,2016,1,5,10,2,0,20,6,1,0
594,2016,1,5,16,3,0,22,4,1,0
595,2016,1,5,7,3,1,23,2,0,1
596,2016,1,6,27,4,1,1,0,0,0
597,2016,1,6,23,1,0,7,3,1,0
598,2016,1,6,25,3,0,8,4,1,1
599,2016,1,6,18,1,0,16,2,1,0
600,2016,1,6,6,2,0,28,3,1,0
601,2016,1,7,2,2,1,5,1,0,0
602,2016,1,7,30,1,0,10,2,1,2
603,2016,1,7,27,1,0,14,2,1,0
604,2016,1,7,22,4,1,15,3,0,1
605,2016,1,7,29,4,1,19,1,0,0
606,2016,1,7,13,3,1,21,2,0,0
607,2016,1,7,11,2,1,24,1,0,0
608,2016,1,8,25,3,0,1,4,1,2
609,2016,1,8,9,1,0,6,4,1,0
610,2016,1,8,4,1,0,7,3,1,0
611,2016,1,8,17,3,0,8,5,1,0
612,2016,1,8,26,3,1,12,2,0,0
613,2016,1,8,3,4,1,18,1,0,0
614,2016,1,9,17,0,0,2,4,1,0
615,2016,1,9,6,4,1,9,3,0,1
616,2016,1,9,15,2,1,10,1,0,0
617,2016,1,9,25,2,1,14,1,0,2
618,2016,1,9,23,3,1,16,1,0,0
619,2016,1,9,29,4,1,20,3,0,1
620,2016,1,9,3,1,0,21,2,1,1
621,2016,1,9,19,0,0,22,4,1,0
622,2016,1,9,27,0,0,24,7,1,0
623,2016,1,9,26,3,1,28,2,0,1
624,2016,1,10,11,2,1,1,1,0,0
625,2016,1,10,8,3,0,7,6,1,0
626,2016,1,10,13,2,1,12,1,0,0
627,2016,1,10,18,2,1,15,1,0,0
628,2016,1,10,4,4,1,30,2,0,0
629,2016,1,10,21,1,0,29,7,1,0
630,2016,1,11,24,5,1,5,4,0,0
631,2016,1,11,11,2,0,14,4,1,0
632,2016,1,11,3,1,0,20,2,1,0
633,2016,1,11,13,2,0,28,3,1,1
634,2016,1,12,12,3,0,2,4,1,1
635,2016,1,12,23,2,0,6,3,1,1
636,2016,1,12,17,2,0,7,3,1,0
637,2016,1,12,26,4,1,8,0,0,0
638,2016,1,12,4,3,1,15,2,0,0
639,2016,1,12,9,2,0,19,5,1,0
640,2016,1,12,18,2,0,25,5,1,0
641,2016,1,12,24,4,1,30,1,0,0
642,2016,1,13,21,1,0,1,4,1,0
643,2016,1,13,13,0,0,5,6,1,0
644,2016,1,13,3,2,0,22,3,1,0
645,2016,1,13,9,3,1,27,1,0,0
646,2016,1,14,11,3,1,2,2,0,1
647,2016,1,14,18,0,0,8,3,1,0
648,2016,1,14,7,2,1,16,1,0,0
649,2016,1,14,20,1,0,19,3,1,0
650,2016,1,14,12,1,0,24,2,1,2
651,2016,1,14,6,4,1,25,1,0,0
652,2016,1,14,17,4,0,30,5,1,1
653,2016,1,14,28,1,0,29,4,1,0
654,2016,1,15,10,2,0,1,4,1,0
655,2016,1,15,3,4,1,4,1,0,0
656,2016,1,15,28,3,1,6,2,0,1
657,2016,1,15,30,1,1,15,0,0,0
658,2016,1,15,23,4,0,26,5,1,1
659,2016,1,15,7,4,1,27,1,0,0
660,2016,1,16,18,2,1,2,0,0,0
661,2016,1,16,27,2,0,3,3,1,0
662,2016,1,16,29,1,0,4,4,1,0
663,2016,1,16,8,1,0,9,2,1,0
664,2016,1,16,5,1,0,12,2,1,2
665,2016,1,16,21,5,1,14,3,0,0
666,2016,1,16,15,0,0,17,3,1,0
667,2016,1,16,20,3,1,22,2,0,2
668,2016,1,16,10,3,0,24,4,1,1
669,2016,1,16,16,3,0,25,4,1,1
670,2016,1,17,14,3,1,1,2,0,0
671,2016,1,17,16,2,0,7,5,1,0
672,2016,1,17,22,2,1,11,1,0,2
673,2016,1,17,28,2,1,19,1,0,2
674,2016,1,17,6,0,0,23,5,1,0
675,2016,1,17,13,1,0,26,3,1,0
676,2016,1,17,20,2,0,29,5,1,0
677,2016,1,18,4,2,1,2,1,0,0
678,2016,1,18,12,4,1,13,2,0,0
679,2016,1,18,21,4,1,24,3,0,2
680,2016,1,18,23,2,0,25,5,1,0
681,2016,1,18,8,2,1,30,1,0,0
682,2016,1,19,29,6,1,9,3,0,0
683,2016,1,19,10,2,0,14,3,1,0
684,2016,1,19,3,4,1,16,1,0,0
685,2016,1,19,5,2,0,18,4,1,0
686,2016,1,19,7,4,1,17,1,0,0
687,2016,1,19,28,2,0,20,3,1,1
688,2016,1,19,27,3,1,22,2,0,0
689,2016,1,19,12,4,0,26,6,1,0
690,2016,1,20,15,1,0,1,3,1,0
691,2016,1,20,4,1,0,8,2,1,0
692,2016,1,20,25,2,1,11,1,0,0
693,2016,1,21,24,3,1,2,1,0,0
694,2016,1,21,28,4,1,3,2,0,0
695,2016,1,21,5,4,1,9,2,0,0
696,2016,1,21,12,2,0,10,3,1,0
697,2016,1,21,15,3,1,14,0,0,0
698,2016,1,21,21,3,0,18,6,1,0
699,2016,1,21,22,3,0,23,4,1,0
700,2016,1,21,7,1,0,26,2,1,0
701,2016,1,21,6,1,1,27,0,0,1
702,2016,1,21,17,4,1,30,1,0,0
703,2016,1,22,11,3,1,4,0,0,0
704,2016,1,22,20,4,1,6,1,0,0
705,2016,1,22,25,1,0,8,2,1,2
706,2016,1,22,7,0,0,13,4,1,0
707,2016,1,22,19,5,1,21,2,0,0
708,2016,1,23,14,2,0,2,3,1,0
709,2016,1,23,9,2,0,3,3,1,2
710,2016,1,23,8,3,1,10,1,0,0
711,2016,1,23,1,4,1,11,3,0,0
712,2016,1,23,17,4,1,12,1,0,0
713,2016,1,23,26,2,0,13,5,1,0
714,2016,1,23,28,4,0,23,5,1,0
715,2016,1,23,15,3,0,24,4,1,0
716,2016,1,23,16,3,1,27,2,0,2
717,2016,1,23,18,3,1,30,1,0,0
718,2016,1,24,5,2,0,6,5,1,0
719,2016,1,24,25,0,0,7,2,1,0
720,2016,1,24,20,0,0,21,3,1,0
721,2016,1,24,14,3,1,24,2,0,1
722,2016,1,25,16,2,0,9,5,1,0
723,2016,1,25,5,1,0,10,2,1,0
724,2016,1,25,2,2,1,15,1,0,2
725,2016,1,25,11,4,1,19,2,0,0
726,2016,1,25,4,3,0,20,6,1,0
727,2016,1,25,3,3,1,22,2,0,0
728,2016,1,26,1,6,1,3,2,0,0
729,2016,1,26,7,0,0,6,5,1,0
730,2016,1,26,27,1,0,13,5,1,0
731,2016,1,26,9,5,1,16,2,0,0
732,2016,1,26,4,3,1,21,2,0,0
733,2016,1,26,18,0,0,23,2,1,0
734,2016,1,26,8,1,0,24,6,1,0
735,2016,1,26,17,2,1,28,1,0,0
736,2016,1,26,2,2,0,30,5,1,0
737,2016,1,27,17,2,1,5,1,0,0
738,2016,1,27,8,4,1,14,3,0,0
739,2016,1,27,27,0,0,26,1,1,0
740,2016,1,27,22,4,1,29,3,0,1
741,2016,2,2,24,2,0,1,3,1,0
742,2016,2,2,14,6,1,2,2,0,0
743,2016,2,2,27,4,1,3,3,0,1
744,2016,2,2,7,2,1,8,1,0,0
745,2016,2,2,9,1,0,12,5,1,0
746,2016,2,2,20,2,0,18,3,1,0
747,2016,2,2,25,1,1,17,0,0,0
748,2016,2,2,15,3,0,19,5,1,0
749,2016,2,2,16,2,0,22,4,1,0
750,2016,2,2,21,5,0,23,6,1,0
751,2016,2,2,10,5,1,30,3,0,0
752,2016,2,2,13,5,1,29,2,0,0
753,2016,2,3,6,1,0,5,4,1,0
754,2016,2,3,4,4,1,16,2,0,0
755,2016,2,3,11,1,0,26,3,1,0
756,2016,2,4,7,5,1,2,4,0,1
757,2016,2,4,3,3,1,4,2,0,2
758,2016,2,4,10,4,1,8,3,0,1
759,2016,2,4,11,3,0,13,6,1,0
760,2016,2,4,1,4,1,14,2,0,0
761,2016,2,4,22,6,1,17,3,0,0
762,2016,2,4,15,2,0,20,4,1,0
763,2016,2,4,12,7,1,21,2,0,0
764,2016,2,4,24,3,1,25,1,0,0
765,2016,2,4,18,2,0,27,3,1,2
766,2016,2,4,9,2,1,28,1,0,2
767,2016,2,4,19,2,0,29,3,1,0
768,2016,2,5,2,2,0,1,5,1,0
769,2016,2,5,9,2,1,5,1,0,0
770,2016,2,5,23,3,0,26,6,1,0
771,2016,2,5,6,5,1,30,3,0,0
772,2016,2,6,4,1,0,3,2,1,1
773,2016,2,6,30,4,1,8,2,0,0
774,2016,2,6,7,5,1,10,1,0,0
775,2016,2,6,19,1,0,11,5,1,0
776,2016,2,6,23,3,1,13,2,0,1
777,2016,2,6,12,1,0,16,5,1,0
778,2016,2,6,29,3,1,18,2,0,2
779,2016,2,6,24,2,0,17,6,1,0
780,2016,2,6,27,1,0,21,6,1,0
781,2016,2,6,20,3,1,22,2,0,2
782,2016,2,6,15,1,0,25,4,1,0
783,2016,2,6,5,4,1,28,1,0,0
784,2016,2,7,6,1,0,16,2,1,2
785,2016,2,7,12,1,0,19,8,1,0
786,2016,2,7,22,2,0,29,3,1,0
787,2016,2,8,13,0,0,11,3,1,0
788,2016,2,8,18,1,0,20,2,1,0
789,2016,2,8,26,1,0,21,5,1,0
790,2016,2,8,1,2,0,23,6,1,0
791,2016,2,9,14,9,1,3,2,0,0
792,2016,2,9,13,7,1,4,4,0,0
793,2016,2,9,19,3,1,9,2,0,2
794,2016,2,9,27,3,0,5,4,1,0
795,2016,2,9,24,2,1,7,0,0,0
796,2016,2,9,28,3,1,8,1,0,0
797,2016,2,9,10,4,1,15,3,0,1
798,2016,2,9,26,2,0,16,4,1,0
799,2016,2,9,12,1,0,18,2,1,0
800,2016,2,9,29,5,1,17,3,0,0
801,2016,2,9,1,4,1,22,1,0,0
802,2016,2,9,30,2,1,25,1,0,2
803,2016,2,10,28,2,1,2,1,0,0
804,2016,2,10,21,1,0,11,3,1,0
805,2016,2,10,20,3,1,23,0,0,0
806,2016,2,11,1,3,0,9,4,1,2
807,2016,2,11,10,4,1,7,2,0,0
808,2016,2,11,27,2,0,12,5,1,0
809,2016,2,11,29,4,1,15,3,0,0
810,2016,2,11,14,2,0,19,5,1,0
811,2016,2,11,8,4,1,21,3,0,0
812,2016,2,11,4,1,0,22,5,1,0
813,2016,2,11,5,6,1,24,5,0,2
814,2016,2,11,3,6,1,30,2,0,0
815,2016,2,12,5,1,0,2,4,1,0
816,2016,2,12,16,4,0,4,6,1,0
817,2016,2,12,23,2,1,6,1,0,2
818,2016,2,12,8,3,1,11,2,0,2
819,2016,2,12,25,5,1,13,3,0,0
820,2016,2,12,14,5,1,20,4,0,1
821,2016,2,12,17,3,0,26,4,1,1
822,2016,2,13,19,3,0,6,6,1,0
823,2016,2,13,21,2,0,9,4,1,0
824,2016,2,13,1,3,1,7,2,0,1
825,2016,2,13,29,3,0,10,4,1,0
826,2016,2,13,30,2,1,12,1,0,2
827,2016,2,13,17,5,1,13,0,0,0
828,2016,2,13,3,4,1,15,2,0,0
829,2016,2,13,18,2,1,22,1,0,1
830,2016,2,13,2,1,0,24,4,1,0
831,2016,2,13,27,5,1,28,2,0,0
832,2016,2,14,8,1,0,4,4,1,0
833,2016,2,14,3,5,0,11,6,1,0
834,2016,2,14,14,0,0,18,1,1,0
835,2016,2,14,22,1,0,20,3,1,0
836,2016,2,14,25,2,1,26,1,0,0
837,2016,2,15,16,2,0,2,6,1,0
838,2016,2,15,1,6,1,5,4,0,0
839,2016,2,15,27,2,0,7,7,1,0
840,2016,2,15,23,1,0,13,2,1,2
841,2016,2,15,10,3,1,17,2,0,1
842,2016,2,15,11,1,0,19,4,1,0
843,2016,2,15,15,5,1,28,2,0,0
844,2016,2,16,30,1,0,6,2,1,0
845,2016,2,16,3,2,1,9,1,0,1
846,2016,2,16,1,5,1,12,3,0,0
847,2016,2,16,22,6,1,18,3,0,0
848,2016,2,16,4,1,0,21,2,1,2
849,2016,2,16,10,1,0,25,2,1,1
850,2016,2,16,24,4,1,26,2,0,0
851,2016,2,16,14,1,0,29,3,1,0
852,2016,2,17,15,5,1,5,3,0,0
853,2016,2,17,16,2,0,8,3,1,0
854,2016,2,17,7,5,1,20,3,0,0
855,2016,2,18,10,3,0,2,6,1,0
856,2016,2,18,15,5,1,12,2,0,0
857,2016,2,18,24,2,1,13,1,0,2
858,2016,2,18,3,0,0,17,2,1,0
859,2016,2,18,29,3,1,19,2,0,1
860,2016,2,18,6,2,0,21,4,1,0
861,2016,2,18,11,3,0,23,6,1,0
862,2016,2,18,14,1,0,25,2,1,1
863,2016,2,18,30,5,0,26,6,1,2
864,2016,2,18,20,4,1,27,2,0,0
865,2016,2,18,1,5,1,28,2,0,0
866,2016,2,19,24,2,0,6,5,1,0
867,2016,2,19,4,4,1,9,0,0,0
868,2016,2,19,28,2,0,5,5,1,0
869,2016,2,19,22,2,0,16,3,1,2
870,2016,2,19,19,1,1,18,0,0,0
871,2016,2,20,25,6,1,2,4,0,0
872,2016,2,20,3,7,1,10,3,0,0
873,2016,2,20,8,3,1,12,2,0,0
874,2016,2,20,30,1,0,13,3,1,0
875,2016,2,20,14,2,1,17,1,0,1
876,2016,2,20,11,2,0,21,3,1,2
877,2016,2,20,26,4,1,23,2,0,0
878,2016,2,20,22,5,1,27,4,0,1
879,2016,2,20,18,3,0,29,4,1,0
880,2016,2,21,5,2,0,1,5,1,0
881,2016,2,21,23,4,1,4,3,0,0
882,2016,2,21,26,4,1,6,2,0,0
883,2016,2,21,7,1,0,15,6,1,0
884,2016,2,21,11,0,0,20,1,1,1
885,2016,2,21,8,1,0,28,5,1,0
886,2016,2,22,9,6,1,3,4,0,0
887,2016,2,22,17,2,1,16,1,0,2
888,2016,2,22,24,6,1,25,3,0,0
889,2016,2,22,2,2,0,29,3,1,0
890,2016,2,23,22,1,0,6,3,1,0
891,2016,2,23,9,1,0,11,2,1,2
892,2016,2,23,21,4,1,12,1,0,0
893,2016,2,23,5,1,0,14,2,1,0
894,2016,2,23,19,4,1,15,1,0,0
895,2016,2,23,20,2,0,18,5,1,0
896,2016,2,23,2,1,0,26,2,1,0
897,2016,2,23,17,3,1,27,2,0,0
898,2016,2,23,10,5,1,30,3,0,0
899,2016,2,24,4,0,0,1,1,1,0
900,2016,2,24,23,1,0,3,5,1,0
901,2016,2,24,24,3,0,8,4,1,2
902,2016,2,24,16,4,1,29,3,0,0
903,2016,2,25,18,1,0,9,6,1,0
904,2016,2,25,19,2,1,5,1,0,1
905,2016,2,25,17,3,1,7,1,0,0
906,2016,2,25,30,6,1,10,3,0,0
907,2016,2,25,2,2,0,13,3,1,0
908,2016,2,25,12,1,0,14,2,1,0
909,2016,2,25,15,2,0,22,3,1,0
910,2016,2,25,20,2,1,25,1,0,0
911,2016,2,25,6,1,0,27,3,1,0
912,2016,2,25,21,3,0,28,5,1,0
913,2016,2,26,12,1,0,1,2,1,1
914,2016,2,26,3,4,1,6,1,0,0
915,2016,2,26,26,4,1,18,0,0,0
916,2016,2,26,4,3,1,24,1,0,0
917,2016,2,26,15,2,0,29,3,1,0
918,2016,2,27,13,3,0,9,4,1,2
919,2016,2,27,21,6,1,5,4,0,0
920,2016,2,27,11,5,1,8,3,0,0
921,2016,2,27,20,3,1,10,2,0,0
922,2016,2,27,4,0,0,14,2,1,0
923,2016,2,27,27,1,0,16,4,1,0
924,2016,2,27,25,0,0,17,5,1,0
925,2016,2,27,2,2,0,22,4,1,0
926,2016,2,27,30,1,0,23,4,1,0
927,2016,2,28,14,2,0,1,4,1,0
928,2016,2,28,26,4,1,3,1,0,0
929,2016,2,28,25,5,1,6,2,0,0
930,2016,2,28,29,2,0,7,3,1,0
931,2016,2,28,19,1,0,12,3,1,0
932,2016,2,28,13,1,0,15,3,1,0
933,2016,2,28,24,4,1,28,1,0,0
934,2016,2,29,11,3,1,10,2,0,1
935,2016,2,29,9,1,0,20,2,1,0
936,2016,2,29,5,3,0,22,5,1,0
937,2016,2,29,2,0,0,23,6,1,0
938,2016,2,29,16,2,0,24,6,1,0
939,2016,2,29,26,2,1,27,1,0,0
940,2016,3,1,5,1,0,3,2,1,0
941,2016,3,1,12,2,1,4,1,0,1
942,2016,3,1,8,3,0,15,6,1,0
943,2016,3,1,6,3,1,18,1,0,0
944,2016,3,1,10,3,0,17,5,1,0
945,2016,3,1,25,4,1,21,3,0,2
946,2016,3,1,19,3,1,28,2,0,0
947,2016,3,1,13,3,1,30,2,0,0
948,2016,3,1,23,2,0,29,3,1,0
949,2016,3,2,16,2,0,1,3,1,2
950,2016,3,2,7,5,1,11,2,0,0
951,2016,3,2,27,2,0,29,3,1,0
952,2016,3,3,1,5,1,2,1,0,0
953,2016,3,3,7,2,0,3,4,1,0
954,2016,3,3,5,3,0,4,6,1,0
955,2016,3,3,13,2,0,8,3,1,0
956,2016,3,3,16,2,0,14,3,1,0
957,2016,3,3,18,5,1,17,4,0,1
958,2016,3,3,26,4,1,21,1,0,0
959,2016,3,3,12,4,1,22,0,0,0
960,2016,3,3,20,1,0,23,4,1,0
961,2016,3,3,15,2,1,27,1,0,0
962,2016,3,3,24,3,1,28,2,0,0
963,2016,3,3,19,4,1,30,3,0,1
964,2016,3,4,12,3,0,9,6,1,0
965,2016,3,4,18,2,0,10,4,1,0
966,2016,3,4,20,3,1,29,2,0,0
967,2016,3,5,13,1,0,2,5,1,0
968,2016,3,5,29,2,1,3,1,0,1
969,2016,3,5,15,3,1,4,2,0,2
970,2016,3,5,17,5,1,8,2,0,0
971,2016,3,5,1,3,1,14,2,0,0
972,2016,3,5,9,0,0,22,6,1,0
973,2016,3,5,5,4,1,23,2,0,0
974,2016,3,5,28,4,1,24,2,0,0
975,2016,3,5,6,3,0,26,4,1,1
976,2016,3,5,21,3,1,27,2,0,0
977,2016,3,5,16,2,0,30,4,1,0
978,2016,3,6,11,1,0,7,4,1,0
979,2016,3,6,25,4,1,15,2,0,0
980,2016,3,6,23,6,1,18,1,0,0
981,2016,3,6,19,6,1,20,4,0,0
982,2016,3,6,10,2,1,21,1,0,0
983,2016,3,6,12,2,1,30,1,0,0
984,2016,3,7,29,2,1,1,1,0,2
985,2016,3,7,24,2,1,5,1,0,1
986,2016,3,7,2,1,0,8,3,1,0
987,2016,3,7,3,5,1,13,4,0,1
988,2016,3,7,28,1,0,14,5,1,0
989,2016,3,7,26,2,0,22,4,1,0
990,2016,3,7,4,4,1,27,3,0,2
991,2016,3,8,20,4,1,4,2,0,0
992,2016,3,8,21,3,0,6,4,1,2
993,2016,3,8,11,3,0,9,5,1,0
994,2016,3,8,24,3,1,12,0,0,0
995,2016,3,8,10,3,0,16,4,1,1
996,2016,3,8,23,1,0,19,2,1,0
997,2016,3,8,3,1,1,26,0,0,1
998,2016,3,8,17,4,1,30,2,0,0
999,2016,3,9,17,2,0,5,3,1,1
1000,2016,3,9,1,0,0,8,3,1,0
1001,2016,3,9,29,3,0,14,4,1,1
1002,2016,3,9,7,2,0,25,3,1,2
1003,2016,3,9,19,3,0,27,4,1,2
1004,2016,3,9,2,2,0,28,3,1,1
1005,2016,3,10,6,3,1,3,2,0,1
1006,2016,3,10,30,2,0,11,3,1,0
1007,2016,3,10,21,2,0,13,6,1,0
1008,2016,3,10,12,2,1,15,1,0,0
1009,2016,3,10,4,2,0,16,3,1,0
1010,2016,3,10,18,3,1,24,0,0,0
1011,2016,3,11,23,3,1,9,2,0,0
1012,2016,3,11,2,4,1,5,1,0,0
1013,2016,3,11,7,2,0,10,5,1,0
1014,2016,3,11,1,2,0,25,5,1,0
1015,2016,3,11,22,3,1,26,1,0,0
1016,2016,3,12,19,1,0,3,3,1,0
1017,2016,3,12,6,2,0,4,3,1,1
1018,2016,3,12,25,5,1,10,4,0,1
1019,2016,3,12,20,2,0,11,3,1,1
1020,2016,3,12,2,4,1,12,0,0,0
1021,2016,3,12,22,4,0,13,5,1,2
1022,2016,3,12,18,2,1,14,1,0,1
1023,2016,3,12,15,4,1,16,1,0,0
1024,2016,3,12,27,0,0,21,4,1,0
1025,2016,3,12,29,2,0,24,5,1,0
1026,2016,3,12,17,2,0,28,4,1,0
1027,2016,3,12,8,2,0,30,3,1,0
1028,2016,3,13,26,4,1,9,0,0,0
1029,2016,3,13,27,1,1,11,0,0,0
1030,2016,3,13,23,5,1,20,3,0,0
1031,2016,3,14,18,1,0,1,7,1,0
1032,2016,3,14,25,4,0,5,7,1,0
1033,2016,3,14,14,5,1,7,0,0,0
1034,2016,3,14,17,3,1,12,2,0,0
1035,2016,3,14,13,2,0,19,3,1,0
1036,2016,3,14,30,5,1,28,2,0,0
1037,2016,3,15,14,5,1,10,2,0,0
1038,2016,3,15,13,4,1,16,1,0,0
1039,2016,3,15,15,2,0,21,3,1,1
1040,2016,3,15,11,3,0,22,4,1,0
1041,2016,3,15,19,1,0,23,2,1,2
1042,2016,3,15,3,2,0,24,3,1,0
1043,2016,3,15,26,1,0,27,4,1,0
1044,2016,3,15,6,1,0,29,2,1,1
1045,2016,3,16,20,2,1,1,1,0,0
1046,2016,3,16,16,3,1,4,2,0,1
1047,2016,3,16,30,1,0,5,4,1,0
1048,2016,3,16,22,3,1,7,2,0,0
1049,2016,3,16,25,4,0,12,6,1,0
1050,2016,3,16,8,3,1,28,1,0,0
1051,2016,3,17,24,1,0,2,3,1,0
1052,2016,3,17,11,3,1,9,1,0,0
1053,2016,3,17,26,3,0,10,4,1,0
1054,2016,3,17,20,3,0,14,4,1,1
1055,2016,3,17,15,4,0,18,7,1,0
1056,2016,3,17,19,2,0,17,4,1,0
1057,2016,3,17,6,2,0,23,4,1,0
1058,2016,3,17,13,4,1,27,1,0,0
1059,2016,3,18,3,0,0,1,4,1,0
1060,2016,3,18,21,1,0,4,3,1,0
1061,2016,3,18,8,4,1,5,3,0,2
1062,2016,3,18,28,0,0,12,2,1,0
1063,2016,3,18,7,4,1,30,0,0,0
1064,2016,3,18,17,1,0,29,4,1,0
1065,2016,3,19,26,2,1,2,0,0,0
1066,2016,3,19,18,3,0,9,6,1,0
1067,2016,3,19,19,0,0,10,3,1,0
1068,2016,3,19,11,5,1,13,3,0,0
1069,2016,3,19,3,1,0,14,2,1,0
1070,2016,3,19,6,2,0,15,3,1,2
1071,2016,3,19,16,0,0,21,5,1,0
1072,2016,3,19,23,4,1,22,1,0,0
1073,2016,3,19,20,1,0,24,4,1,0
1074,2016,3,19,4,1,0,27,4,1,0
1075,2016,3,19,25,3,1,28,0,0,0
1076,2016,3,20,15,3,1,7,2,0,2
1077,2016,3,20,8,3,1,12,2,0,0
1078,2016,3,20,5,4,1,16,1,0,0
1079,2016,3,20,9,1,0,18,2,1,0
1080,2016,3,20,29,2,0,23,6,1,0
1081,2016,3,20,2,0,0,24,3,1,0
1082,2016,3,20,1,3,1,30,2,0,1
1083,2016,3,21,14,2,0,17,5,1,0
1084,2016,3,21,22,4,1,19,1,0,0
1085,2016,3,21,13,2,0,20,4,1,0
1086,2016,3,21,5,2,0,27,5,1,0
1087,2016,3,22,12,2,0,2,4,1,0
1088,2016,3,22,4,3,1,6,2,0,0
1089,2016,3,22,22,2,0,9,3,1,2
1090,2016,3,22,10,6,1,7,2,0,0
1091,2016,3,22,14,1,0,15,2,1,0
1092,2016,3,22,1,3,0,16,4,1,0
1093,2016,3,22,29,4,1,21,2,0,0
1094,2016,3,22,25,1,1,24,0,0,0
1095,2016,3,22,11,2,0,26,6,1,0
1096,2016,3,22,28,0,0,30,2,1,0
1097,2016,3,23,21,1,0,19,3,1,0
1098,2016,3,23,3,2,0,20,5,1,0
1099,2016,3,24,10,1,0,2,3,1,0
1100,2016,3,24,13,4,1,3,1,0,0
1101,2016,3,24,6,3,1,9,2,0,0
1102,2016,3,24,22,4,1,8,2,0,0
1103,2016,3,24,16,3,0,11,4,1,0
1104,2016,3,24,5,2,0,15,6,1,0
1105,2016,3,24,28,2,0,17,3,1,2
1106,2016,3,24,18,3,1,23,0,0,0
1107,2016,3,24,12,6,1,24,3,0,0
1108,2016,3,24,1,5,0,27,6,1,1
1109,2016,3,24,14,1,0,30,4,1,0
1110,2016,3,25,29,1,1,18,0,0,1
1111,2016,3,25,28,0,0,25,4,1,0
1112,2016,3,25,19,4,0,26,7,1,0
1113,2016,3,26,22,1,0,2,2,1,0
1114,2016,3,26,30,2,0,4,3,1,0
1115,2016,3,26,19,4,1,6,3,0,1
1116,2016,3,26,7,4,1,5,1,0,0
1117,2016,3,26,15,4,1,8,0,0,0
1118,2016,3,26,23,7,1,11,2,0,0
1119,2016,3,26,12,4,0,14,6,1,0
1120,2016,3,26,20,5,1,16,2,0,0
1121,2016,3,26,9,1,0,17,5,1,0
1122,2016,3,26,1,4,1,21,3,0,1
1123,2016,3,26,10,4,1,24,2,0,0
1124,2016,3,26,13,5,1,26,2,0,0
1125,2016,3,26,3,3,1,27,1,0,0
1126,2016,3,26,25,4,1,29,0,0,0
1127,2016,3,27,18,2,0,6,3,1,0
1128,2016,3,27,23,3,1,20,2,0,1
1129,2016,3,27,7,3,1,28,2,0,0
1130,2016,3,28,5,5,1,2,2,0,0
1131,2016,3,28,4,2,0,11,3,1,0
1132,2016,3,28,1,2,1,12,1,0,0
1133,2016,3,28,8,4,1,17,3,0,0
1134,2016,3,28,30,2,0,22,3,1,1
1135,2016,3,28,14,2,0,24,5,1,0
1136,2016,3,28,27,0,0,26,3,1,0
1137,2016,3,28,9,1,0,29,4,1,0
1138,2016,3,29,17,,,10,,,
1139,2016,3,29,27,,,13,,,
1140,2016,3,29,7,,,15,,,
1141,2016,3,29,11,,,16,,,
1142,2016,3,29,3,,,18,,,
1143,2016,3,29,6,,,19,,,
1144,2016,3,29,4,,,23,,,
1145,2016,3,29,8,,,25,,,
1146,2016,3,29,24,,,28,,,
1147,2016,3,30,5,,,1,,,
1148,2016,3,30,29,,,22,,,
1149,2016,3,30,21,,,30,,,
1150,2016,3,31,27,,,4,,,
1151,2016,3,31,20,,,6,,,
1152,2016,3,31,2,,,10,,,
1153,2016,3,31,18,,,13,,,
1154,2016,3,31,5,,,14,,,
1155,2016,3,31,21,,,15,,,
1156,2016,3,31,9,,,19,,,
1157,2016,3,31,17,,,23,,,
1158,2016,3,31,28,,,24,,,
1159,2016,3,31,16,,,26,,,
1160,2016,4,1,28,,,1,,,
1161,2016,4,1,29,,,8,,,
1162,2016,4,1,15,,,11,,,
1163,2016,4,1,3,,,25,,,
1164,2016,4,1,7,,,30,,,
1165,2016,4,2,29,,,2,,,
1166,2016,4,2,9,,,6,,,
1167,2016,4,2,5,,,12,,,
1168,2016,4,2,16,,,13,,,
1169,2016,4,2,10,,,14,,,
1170,2016,4,2,24,,,17,,,
1171,2016,4,2,23,,,19,,,
1172,2016,4,2,4,,,20,,,
1173,2016,4,2,21,,,22,,,
1174,2016,4,2,18,,,26,,,
1175,2016,4,2,11,,,27,,,
1176,2016,4,3,10,,,1,,,
1177,2016,4,3,3,,,7,,,
1178,2016,4,3,25,,,8,,,
1179,2016,4,3,22,,,23,,,
1180,2016,4,3,15,,,30,,,
1181,2016,4,4,20,,,9,,,
1182,2016,4,4,26,,,19,,,
1183,2016,4,4,2,,,25,,,
1184,2016,4,4,13,,,27,,,
1185,2016,4,4,14,,,28,,,
1186,2016,4,5,30,,,1,,,
1187,2016,4,5,6,,,3,,,
1188,2016,4,5,14,,,5,,,
1189,2016,4,5,2,,,7,,,
1190,2016,4,5,24,,,15,,,
1191,2016,4,5,13,,,16,,,
1192,2016,4,5,4,,,18,,,
1193,2016,4,5,8,,,17,,,
1194,2016,4,5,26,,,20,,,
1195,2016,4,5,23,,,21,,,
1196,2016,4,5,19,,,29,,,
1197,2016,4,6,22,,,11,,,
1198,2016,4,6,28,,,12,,,
1199,2016,4,6,9,,,27,,,
1200,2016,4,7,11,,,3,,,
1201,2016,4,7,16,,,6,,,
1202,2016,4,7,28,,,5,,,
1203,2016,4,7,25,,,7,,,
1204,2016,4,7,8,,,10,,,
1205,2016,4,7,1,,,14,,,
1206,2016,4,7,26,,,18,,,
1207,2016,4,7,2,,,17,,,
1208,2016,4,7,19,,,20,,,
1209,2016,4,7,13,,,21,,,
1210,2016,4,7,27,,,22,,,
1211,2016,4,7,30,,,24,,,
1212,2016,4,7,23,,,29,,,
1213,2016,4,8,9,,,4,,,
1214,2016,4,9,21,,,3,,,
1215,2016,4,9,7,,,9,,,
1216,2016,4,9,1,,,8,,,
1217,2016,4,9,17,,,10,,,
1218,2016,4,9,6,,,13,,,
1219,2016,4,9,30,,,14,,,
1220,2016,4,9,5,,,15,,,
1221,2016,4,9,26,,,16,,,
1222,2016,4,9,27,,,18,,,
1223,2016,4,9,4,,,19,,,
1224,2016,4,9,11,,,20,,,
1225,2016,4,9,23,,,22,,,
1226,2016,4,9,2,,,24,,,
1227,2016,4,9,29,,,25,,,
1228,2016,4,9,12,,,28,,,
1229,2016,4,10,22,,,19,,,
1230,2016,4,10,1,,,29,,,